{
  "var-x": "x position",
  "var-y": "y position",
  "var-direction": "direction",
  "var-username": "username",
  "var-costume-number": "costume number",
  "var-costume-name": "costume name",
  "var-backdrop-number": "backdrop number",
  "var-backdrop-name": "backdrop name",
  "var-size": "size",
  "var-answer": "answer",
  "var-mousedown": "mouse down?",
  "var-mousex": "mouse x",
  "var-mousey": "mouse y",
  "var-loudness": "loudness",
  "var-timer": "timer",
  "var-dayssince2000": "days since 2000",
  "var-volume": "volume",
  "var-year": "year",
  "var-month": "month",
  "var-date": "date",
  "var-day-of-week": "day of week",
  "var-hour": "hour",
  "var-minute": "minute",
  "var-second": "second",
  "list-empty": "(empty)",
  "list-length": "length {n}",
  "list-import": "import",
  "list-export": "export"
}